Year_Month,Revenue_Target,Units_Target
2025-01,14653299,679
2025-02,15998691,692
2025-03,16747916,658
2025-04,15428112,655
2025-05,16623472,661
2025-06,15837826,725
2025-07,18647754,735
2025-08,18513676,770
2025-09,17725752,785
2025-10,20073930,830
2025-11,17978610,837
2025-12,18406490,830
2026-01,19217682,893
2026-02,19924236,844
2026-03,21746062,926
2026-04,22378236,841
2026-05,20575584,964
2026-06,23763662,931
2026-07,23809901,852
2026-08,23810364,903
2026-09,21851648,1002
2026-10,22568321,919
2026-11,24779025,999
2026-12,26151839,1020
